{
  "evaluation_summary": {
    "test_case": "Amit Legal Document Generation - Complete PRD Metrics",
    "total_prd_metrics": 9,
    "successful_evaluations": 7,
    "total_evaluation_time": 1.3524749279022217,
    "average_prd_score": 0.18451182226676607
  },
  "prd_metrics_scores": {
    "BLEU": 0.1892206579673041,
    "ROUGE-1": 0.3439490445859873,
    "ROUGE-2": 0.16774193548387095,
    "ROUGE-L": 0.267515923566879,
    "METEOR": 0.3098471344716187,
    "COMET": null,
    "LLM_Judge": null,
    "Redundancy": 0.01330805979170236,
    "Completeness": 0.0
  },
  "additional_metrics": {
    "Word_Recall": 0.42218400687876184,
    "Word_Precision": 0.7708006279434851,
    "Word_F1": 0.5455555555555556
  },
  "timing_data": {
    "BLEU": 0.015223026275634766,
    "ROUGE": 0.001085519790649414,
    "METEOR": 1.3335247039794922,
    "Redundancy": 0.0023522377014160156,
    "Completeness": 0.0002894401550292969
  },
  "document_statistics": {
    "generated_words": 915,
    "ground_truth_words": 2173,
    "length_ratio": 0.4210768522779567
  }
}